folder,arc_score,facenet_score,avg_score,min_score,max_score,score_diff,is_match
ZA71,0.6581802368164062,0.370248407125473,0.5142143368721008,0.370248407125473,0.6581802368164062,0.2879318296909332,0
d89,0.21958673000335693,-0.06704793870449066,0.07626939564943314,-0.06704793870449066,0.21958673000335693,0.2866346836090088,1
d19,0.26095646619796753,0.5095874071121216,0.38527193665504456,0.26095646619796753,0.5095874071121216,0.24863094091415405,1
ZA76,0.39687997102737427,0.19387075304985046,0.29537534713745117,0.19387075304985046,0.39687997102737427,0.2030092179775238,0
ZA73,0.037816472351551056,0.003895951434969902,0.020856212824583054,0.003895951434969902,0.037816472351551056,0.033920519053936005,0
vdh,0.5365935564041138,0.48658299446105957,0.5115882754325867,0.48658299446105957,0.5365935564041138,0.0500105619430542,1
f115,0.5320186614990234,0.4277153015136719,0.47986698150634766,0.4277153015136719,0.5320186614990234,0.10430335998535156,1
ZA48,0.3920164108276367,0.5293331742286682,0.46067479252815247,0.3920164108276367,0.5293331742286682,0.1373167634010315,0
f50,0.40812450647354126,0.6666474342346191,0.5373859405517578,0.40812450647354126,0.6666474342346191,0.2585229277610779,1
rkr,0.6208876371383667,0.23832517862319946,0.4296064078807831,0.23832517862319946,0.6208876371383667,0.38256245851516724,1
ikh,0.17173007130622864,0.3457478880882263,0.25873899459838867,0.17173007130622864,0.3457478880882263,0.17401781678199768,1
abcc,0.22541633248329163,-0.029718507081270218,0.09784891456365585,-0.029718507081270218,0.22541633248329163,0.25513485074043274,1
viola,0.5326201915740967,0.2287725955247879,0.3806963860988617,0.2287725955247879,0.5326201915740967,0.30384761095046997,1
ZA72,0.25693953037261963,0.140473872423172,0.1987067013978958,0.140473872423172,0.25693953037261963,0.11646565794944763,0
jonabailey,0.39043909311294556,-0.01904493384063244,0.18569707870483398,-0.01904493384063244,0.39043909311294556,0.40948402881622314,1
jlaw,0.26560914516448975,0.055086664855480194,0.16034790873527527,0.055086664855480194,0.26560914516448975,0.21052247285842896,1
ZA87,0.13570815324783325,0.041238345205783844,0.08847324550151825,0.041238345205783844,0.13570815324783325,0.09446980804204941,0
abutler,0.2919712960720062,0.14668548107147217,0.2193283885717392,0.14668548107147217,0.2919712960720062,0.14528581500053406,1
d42,0.05642462521791458,0.3810186982154846,0.2187216579914093,0.05642462521791458,0.3810186982154846,0.32459408044815063,1
f67,0.7994697690010071,0.30207210779190063,0.5507709383964539,0.30207210779190063,0.7994697690010071,0.49739766120910645,1
ZA39,0.7497625350952148,0.4286903738975525,0.589226484298706,0.4286903738975525,0.7497625350952148,0.32107216119766235,0
mali,0.3797306716442108,0.5706211924552917,0.4751759171485901,0.3797306716442108,0.5706211924552917,0.19089052081108093,1
f68,0.38141578435897827,-0.02797224558889866,0.17672176659107208,-0.02797224558889866,0.38141578435897827,0.4093880355358124,1
f48,0.14702317118644714,0.615727961063385,0.3813755512237549,0.14702317118644714,0.615727961063385,0.46870478987693787,1
hardyy,0.4226052165031433,0.3814462423324585,0.4020257294178009,0.3814462423324585,0.4226052165031433,0.041158974170684814,1
f103,0.5419321060180664,0.27659884095191956,0.4092654585838318,0.27659884095191956,0.5419321060180664,0.26533326506614685,1
adamd,0.22877563536167145,0.08260157704353333,0.15568861365318298,0.08260157704353333,0.22877563536167145,0.14617405831813812,1
d3,0.12514375150203705,-0.054134469479322433,0.03550463914871216,-0.054134469479322433,0.12514375150203705,0.17927822470664978,1
tommy,0.24796493351459503,0.513569712638855,0.3807673156261444,0.24796493351459503,0.513569712638855,0.26560479402542114,1
sma,0.06507129222154617,-0.06519076973199844,-5.9738755226135254e-05,-0.06519076973199844,0.06507129222154617,0.13026206195354462,1
d86,0.48982328176498413,0.2808021903038025,0.3853127360343933,0.2808021903038025,0.48982328176498413,0.20902109146118164,1
f30,0.1704379916191101,0.3978791832923889,0.2841585874557495,0.1704379916191101,0.3978791832923889,0.2274411916732788,1
jonathanbailey,0.45053794980049133,-0.2072533369064331,0.12164230644702911,-0.2072533369064331,0.45053794980049133,0.657791256904602,1
ZA44,0.6833615303039551,0.7815225124359131,0.7324420213699341,0.6833615303039551,0.7815225124359131,0.09816098213195801,0
jdw,0.2732042074203491,0.3464844226837158,0.30984431505203247,0.2732042074203491,0.3464844226837158,0.0732802152633667,1
f98,0.3200652003288269,0.28387439250946045,0.3019697964191437,0.28387439250946045,0.3200652003288269,0.036190807819366455,1
pedro,0.16272103786468506,0.016557972878217697,0.08963950723409653,0.016557972878217697,0.16272103786468506,0.14616306126117706,1
d46,0.36363816261291504,0.23790015280246735,0.3007691502571106,0.23790015280246735,0.36363816261291504,0.1257380098104477,1
f34,0.47629237174987793,0.4873405694961548,0.48181647062301636,0.47629237174987793,0.4873405694961548,0.011048197746276855,1
f79,0.2664417624473572,0.5985953211784363,0.43251854181289673,0.2664417624473572,0.5985953211784363,0.3321535587310791,1
ZA14,0.3479994237422943,0.29866689443588257,0.32333314418792725,0.29866689443588257,0.3479994237422943,0.04933252930641174,0
d13,0.3681378662586212,0.46302300691604614,0.4155804514884949,0.3681378662586212,0.46302300691604614,0.09488514065742493,1
ZA11,0.4106552302837372,0.6255183219909668,0.5180867910385132,0.4106552302837372,0.6255183219909668,0.21486309170722961,0
sstan,0.4269326329231262,0.5759419202804565,0.5014373064041138,0.4269326329231262,0.5759419202804565,0.14900928735733032,1
d59,0.5249034762382507,0.23453716933727264,0.3797203302383423,0.23453716933727264,0.5249034762382507,0.2903662919998169,1
d73,0.7618657946586609,0.6540222764015198,0.7079440355300903,0.6540222764015198,0.7618657946586609,0.10784351825714111,1
d84,0.17464983463287354,-0.2520366907119751,-0.03869342803955078,-0.2520366907119751,0.17464983463287354,0.42668652534484863,1
d22,0.4331495761871338,0.49423539638519287,0.46369248628616333,0.4331495761871338,0.49423539638519287,0.06108582019805908,1
ZA61,0.5269455313682556,0.5747781991958618,0.5508618354797363,0.5269455313682556,0.5747781991958618,0.0478326678276062,0
ZA35,0.6777389049530029,0.5480325222015381,0.6128857135772705,0.5480325222015381,0.6777389049530029,0.12970638275146484,0
ZA59,0.41440069675445557,0.2075347900390625,0.31096774339675903,0.2075347900390625,0.41440069675445557,0.20686590671539307,0
ZA10,0.5528748035430908,0.4644787311553955,0.5086767673492432,0.4644787311553955,0.5528748035430908,0.08839607238769531,0
f21,0.04223249852657318,0.320806086063385,0.1815192997455597,0.04223249852657318,0.320806086063385,0.27857357263565063,1
mahershala,0.07477296888828278,0.39483076333999634,0.23480185866355896,0.07477296888828278,0.39483076333999634,0.32005780935287476,1
jacobe,0.15729200839996338,0.15019775927066803,0.1537448763847351,0.15019775927066803,0.15729200839996338,0.007094249129295349,1
ZA28,0.6752407550811768,0.5517694354057312,0.6135051250457764,0.5517694354057312,0.6752407550811768,0.12347131967544556,0
ZA79,0.3784227669239044,-0.04559531435370445,0.16641372442245483,-0.04559531435370445,0.3784227669239044,0.42401808500289917,0
srkk,0.10852952301502228,-0.04157286137342453,0.033478330820798874,-0.04157286137342453,0.10852952301502228,0.1501023769378662,1
oi,0.49062639474868774,0.6028494238853455,0.5467379093170166,0.49062639474868774,0.6028494238853455,0.11222302913665771,1
f81,0.3811657428741455,0.5780816078186035,0.4796236753463745,0.3811657428741455,0.5780816078186035,0.196915864944458,1
ayush,0.6307851672172546,0.7183603644371033,0.674572765827179,0.6307851672172546,0.7183603644371033,0.08757519721984863,1
f7,0.333298921585083,0.24729377031326294,0.290296345949173,0.24729377031326294,0.333298921585083,0.08600515127182007,1
d85,0.6693570613861084,0.9090728759765625,0.7892149686813354,0.6693570613861084,0.9090728759765625,0.2397158145904541,1
f31,0.4436669945716858,0.32195043563842773,0.38280871510505676,0.32195043563842773,0.4436669945716858,0.12171655893325806,1
d38,0.7360097765922546,0.6336772441864014,0.6848435401916504,0.6336772441864014,0.7360097765922546,0.10233253240585327,1
ZA55,0.3981058597564697,0.21447859704494476,0.30629223585128784,0.21447859704494476,0.3981058597564697,0.18362726271152496,0
ZA62,0.3440636098384857,0.5464214086532593,0.4452425241470337,0.3440636098384857,0.5464214086532593,0.20235779881477356,0
ZA54,0.7452459931373596,0.3553733229637146,0.5503096580505371,0.3553733229637146,0.7452459931373596,0.389872670173645,0
leoo,0.35166409611701965,0.2031310796737671,0.2773975729942322,0.2031310796737671,0.35166409611701965,0.14853301644325256,1
adil,0.10022620856761932,0.3627185821533203,0.23147240281105042,0.10022620856761932,0.3627185821533203,0.2624923586845398,1
d75,0.40280967950820923,0.6465003490447998,0.5246549844741821,0.40280967950820923,0.6465003490447998,0.24369066953659058,1
f62,0.418967068195343,0.7195528745651245,0.5692600011825562,0.418967068195343,0.7195528745651245,0.3005858063697815,1
devp,0.25120168924331665,0.6341625452041626,0.4426821172237396,0.25120168924331665,0.6341625452041626,0.38296085596084595,1
ewanmcgregor,0.3397764563560486,0.6313650012016296,0.4855707287788391,0.3397764563560486,0.6313650012016296,0.29158854484558105,1
f14,0.46904218196868896,0.023596186190843582,0.24631918966770172,0.023596186190843582,0.46904218196868896,0.4454459846019745,1
d29,0.07070685923099518,0.08249688893556595,0.07660187780857086,0.07070685923099518,0.08249688893556595,0.01179002970457077,1
d24,0.7027566432952881,0.4160589575767517,0.5594078302383423,0.4160589575767517,0.7027566432952881,0.2866976857185364,1
humaq,0.4606209993362427,0.04706230387091637,0.2538416385650635,0.04706230387091637,0.4606209993362427,0.413558691740036,1
hemsworth,0.5582478642463684,0.6203683614730835,0.5893081426620483,0.5582478642463684,0.6203683614730835,0.06212049722671509,1
d71,0.6933801174163818,0.6526495218276978,0.6730148196220398,0.6526495218276978,0.6933801174163818,0.04073059558868408,1
ikhatter,0.18134896457195282,0.5198633670806885,0.35060617327690125,0.18134896457195282,0.5198633670806885,0.33851438760757446,1
holland,0.44479990005493164,0.20351380109786987,0.32415685057640076,0.20351380109786987,0.44479990005493164,0.24128609895706177,1
benmen,0.29564642906188965,0.5381065011024475,0.4168764650821686,0.29564642906188965,0.5381065011024475,0.24246007204055786,1
f74,0.1707015335559845,0.5355674028396606,0.3531344532966614,0.1707015335559845,0.5355674028396606,0.36486586928367615,1
jamesmcavoy,0.33676183223724365,-0.026017535477876663,0.15537214279174805,-0.026017535477876663,0.33676183223724365,0.3627793788909912,1
ZA38,0.6694787740707397,0.18182557821273804,0.4256521761417389,0.18182557821273804,0.6694787740707397,0.4876531958580017,0
ZA22,0.6203189492225647,0.47212570905685425,0.5462223291397095,0.47212570905685425,0.6203189492225647,0.14819324016571045,0
barry,0.24501702189445496,0.5672663450241089,0.4061416983604431,0.24501702189445496,0.5672663450241089,0.32224932312965393,1
ZA69,0.15600767731666565,0.13073612749576569,0.14337190985679626,0.13073612749576569,0.15600767731666565,0.025271549820899963,0
d20,0.7850693464279175,0.6713724136352539,0.7282208800315857,0.6713724136352539,0.7850693464279175,0.11369693279266357,1
mbj,0.6411926746368408,0.09632574021816254,0.3687592148780823,0.09632574021816254,0.6411926746368408,0.5448669195175171,1
ZA5,0.5593389272689819,0.5084270238876343,0.5338829755783081,0.5084270238876343,0.5593389272689819,0.050911903381347656,0
pkohli,-0.026899276301264763,-0.15936873853206635,-0.09313400834798813,-0.15936873853206635,-0.026899276301264763,0.13246946036815643,1
d4,0.23908205330371857,-0.07140396535396576,0.0838390439748764,-0.07140396535396576,0.23908205330371857,0.3104860186576843,1
ZA70,0.5377335548400879,0.20082250237464905,0.3692780137062073,0.20082250237464905,0.5377335548400879,0.33691105246543884,0
ZA26,0.323911190032959,0.3375422954559326,0.3307267427444458,0.323911190032959,0.3375422954559326,0.013631105422973633,0
huma,0.010849489830434322,0.13716714084148407,0.07400831580162048,0.010849489830434322,0.13716714084148407,0.12631765007972717,1
chris,0.1341155469417572,-0.09027111530303955,0.021922215819358826,-0.09027111530303955,0.1341155469417572,0.22438666224479675,1
f101,0.3227032423019409,0.26609569787979126,0.2943994700908661,0.26609569787979126,0.3227032423019409,0.05660754442214966,1
d8,0.2978064715862274,-0.0043524280190467834,0.14672702550888062,-0.0043524280190467834,0.2978064715862274,0.3021588921546936,1
ZA77,0.5427199602127075,0.4625050127506256,0.5026124715805054,0.4625050127506256,0.5427199602127075,0.08021494746208191,0
d87,0.21996939182281494,-0.03444167971611023,0.09276385605335236,-0.03444167971611023,0.21996939182281494,0.25441107153892517,1
d30,0.6333692073822021,0.4230909049510956,0.5282300710678101,0.4230909049510956,0.6333692073822021,0.21027830243110657,1
f91,0.386753648519516,0.48587363958358765,0.4363136291503906,0.386753648519516,0.48587363958358765,0.09911999106407166,1
f23,0.6726305484771729,0.422658234834671,0.5476443767547607,0.422658234834671,0.6726305484771729,0.24997231364250183,1
f97,0.2820316553115845,-0.23286348581314087,0.024584084749221802,-0.23286348581314087,0.2820316553115845,0.5148951411247253,1
rizahmed,0.4742816388607025,0.6995507478713989,0.5869162082672119,0.4742816388607025,0.6995507478713989,0.2252691090106964,1
f47,0.31970009207725525,0.11737491190433502,0.21853750944137573,0.11737491190433502,0.31970009207725525,0.20232518017292023,1
akshaykumar,0.2335381805896759,0.41969799995422363,0.3266180753707886,0.2335381805896759,0.41969799995422363,0.18615981936454773,1
d7,0.2986508011817932,0.07868044823408127,0.18866562843322754,0.07868044823408127,0.2986508011817932,0.21997034549713135,1
f38,0.40014514327049255,0.7831555604934692,0.5916503667831421,0.40014514327049255,0.7831555604934692,0.3830104172229767,1
adriver,0.4137643575668335,0.6388986706733704,0.5263315439224243,0.4137643575668335,0.6388986706733704,0.22513431310653687,1
f73,0.22206924855709076,-0.058779459446668625,0.08164489269256592,-0.058779459446668625,0.22206924855709076,0.2808487117290497,1
ZA46,0.6517673134803772,0.5092209577560425,0.5804941654205322,0.5092209577560425,0.6517673134803772,0.14254635572433472,0
d94,0.7922075986862183,0.37014856934547424,0.5811780691146851,0.37014856934547424,0.7922075986862183,0.422059029340744,1
f58,0.6688966155052185,0.7424291968345642,0.7056629061698914,0.6688966155052185,0.7424291968345642,0.0735325813293457,1
ZA27,0.592171311378479,0.6613110303878784,0.6267411708831787,0.592171311378479,0.6613110303878784,0.06913971900939941,0
ZA98,0.08881420642137527,0.08508799225091934,0.08695109933614731,0.08508799225091934,0.08881420642137527,0.0037262141704559326,0
d14,0.06479039043188095,-0.09485349804162979,-0.01503155380487442,-0.09485349804162979,0.06479039043188095,0.15964388847351074,1
hughg,0.5325037837028503,0.5712746381759644,0.551889181137085,0.5325037837028503,0.5712746381759644,0.038770854473114014,1
ZA95,0.13190855085849762,-0.07524797320365906,0.02833028882741928,-0.07524797320365906,0.13190855085849762,0.20715652406215668,0
f112,0.28759437799453735,0.38973158597946167,0.3386629819869995,0.28759437799453735,0.38973158597946167,0.10213720798492432,1
nicohoult,0.27625539898872375,0.074924997985363,0.17559020221233368,0.074924997985363,0.27625539898872375,0.20133039355278015,1
f10,0.7830475568771362,0.6122399568557739,0.6976437568664551,0.6122399568557739,0.7830475568771362,0.1708076000213623,1
akhurana,0.538352370262146,0.3333298861980438,0.4358411431312561,0.3333298861980438,0.538352370262146,0.20502248406410217,1
ZA74,0.08714185655117035,-0.0673789381980896,0.009881459176540375,-0.0673789381980896,0.08714185655117035,0.15452079474925995,0
f11,0.07374333590269089,0.058977462351322174,0.06636039912700653,0.058977462351322174,0.07374333590269089,0.014765873551368713,1
jbailey,0.8067330121994019,0.47728636860847473,0.6420096755027771,0.47728636860847473,0.8067330121994019,0.3294466435909271,1
f43,0.373449444770813,0.8007042407989502,0.5870768427848816,0.373449444770813,0.8007042407989502,0.4272547960281372,1
ZA24,0.5249255299568176,0.6102187037467957,0.5675721168518066,0.5249255299568176,0.6102187037467957,0.08529317378997803,0
f78,0.3395431637763977,0.5102682113647461,0.4249056875705719,0.3395431637763977,0.5102682113647461,0.1707250475883484,1
d41,0.4157518744468689,0.4705336391925812,0.44314277172088623,0.4157518744468689,0.4705336391925812,0.05478176474571228,1
dpk,0.2835352420806885,0.632805585861206,0.45817041397094727,0.2835352420806885,0.632805585861206,0.3492703437805176,1
meryl,0.3730766475200653,0.7896356582641602,0.5813561677932739,0.3730766475200653,0.7896356582641602,0.41655901074409485,1
ewann,0.29616355895996094,-0.12192638218402863,0.08711858838796616,-0.12192638218402863,0.29616355895996094,0.41808992624282837,1
d27,0.6454635262489319,0.1468963921070099,0.3961799740791321,0.1468963921070099,0.6454635262489319,0.498567134141922,1
f94,0.2043963074684143,0.7139201164245605,0.4591582119464874,0.2043963074684143,0.7139201164245605,0.5095238089561462,1
hg,0.08273207396268845,0.2806282937526703,0.18168018758296967,0.08273207396268845,0.2806282937526703,0.19789621233940125,1
pmescal,0.25778838992118835,-0.01959325559437275,0.11909756809473038,-0.01959325559437275,0.25778838992118835,0.27738165855407715,1
d49,0.41688430309295654,0.3727531433105469,0.3948187232017517,0.3727531433105469,0.41688430309295654,0.04413115978240967,1
ZA57,0.3694400191307068,0.20197448134422302,0.2857072353363037,0.20197448134422302,0.3694400191307068,0.16746553778648376,0
hro,0.025838768109679222,-0.27672356367111206,-0.12544240057468414,-0.27672356367111206,0.025838768109679222,0.30256232619285583,1
f5,0.5129015445709229,0.673744797706604,0.5933231711387634,0.5129015445709229,0.673744797706604,0.16084325313568115,1
vikram,0.15225018560886383,0.19777171313762665,0.17501094937324524,0.15225018560886383,0.19777171313762665,0.04552152752876282,1
pdano,0.4933825433254242,0.6269023418426514,0.560142457485199,0.4933825433254242,0.6269023418426514,0.13351979851722717,1
f35,0.1290026605129242,0.12356819957494736,0.12628543376922607,0.12356819957494736,0.1290026605129242,0.005434460937976837,1
d65,0.3757798671722412,0.46999141573905945,0.4228856563568115,0.3757798671722412,0.46999141573905945,0.09421154856681824,1
d67,0.19033929705619812,0.43696582317352295,0.31365257501602173,0.19033929705619812,0.43696582317352295,0.24662652611732483,1
f53,0.3212956190109253,-0.3973362445831299,-0.038020312786102295,-0.3973362445831299,0.3212956190109253,0.7186318635940552,1
d93,0.8184678554534912,0.6066305637359619,0.7125492095947266,0.6066305637359619,0.8184678554534912,0.2118372917175293,1
f39,0.4560622274875641,0.5837336778640747,0.5198979377746582,0.4560622274875641,0.5837336778640747,0.12767145037651062,1
ZA36,0.5621418356895447,0.29853129386901855,0.4303365647792816,0.29853129386901855,0.5621418356895447,0.2636105418205261,0
f61,0.5456533432006836,0.04131678119301796,0.2934850752353668,0.04131678119301796,0.5456533432006836,0.5043365359306335,1
f84,0.3376905024051666,0.3933784067630768,0.3655344545841217,0.3376905024051666,0.3933784067630768,0.055687904357910156,1
f110,0.468289852142334,0.5169128179550171,0.49260133504867554,0.468289852142334,0.5169128179550171,0.048622965812683105,1
tomholland,0.3614242374897003,0.3779318928718567,0.3696780800819397,0.3614242374897003,0.3779318928718567,0.016507655382156372,1
d58,0.45589080452919006,-0.0020882226526737213,0.22690129280090332,-0.0020882226526737213,0.45589080452919006,0.4579790234565735,1
violaa,0.58085036277771,0.39839738607406616,0.48962387442588806,0.39839738607406616,0.58085036277771,0.1824529767036438,1
f17,0.7513959407806396,0.4363406300544739,0.5938682556152344,0.4363406300544739,0.7513959407806396,0.31505531072616577,1
michaelbj,0.22881217300891876,0.16091014444828033,0.19486115872859955,0.16091014444828033,0.22881217300891876,0.06790202856063843,1
d21,0.2521889805793762,0.5204283595085144,0.3863086700439453,0.2521889805793762,0.5204283595085144,0.2682393789291382,1
d32,0.7217074632644653,0.5531982183456421,0.6374528408050537,0.5531982183456421,0.7217074632644653,0.16850924491882324,1
riz,0.46357566118240356,0.6981908082962036,0.580883264541626,0.46357566118240356,0.6981908082962036,0.23461514711380005,1
d9,0.2792011499404907,0.4085773825645447,0.3438892662525177,0.2792011499404907,0.4085773825645447,0.12937623262405396,1
ZA21,0.13493213057518005,0.32960325479507446,0.23226769268512726,0.13493213057518005,0.32960325479507446,0.1946711242198944,0
colinf,0.46959877014160156,0.5855734348297119,0.5275861024856567,0.46959877014160156,0.5855734348297119,0.11597466468811035,1
rocky,0.5822309255599976,0.7526196241378784,0.667425274848938,0.5822309255599976,0.7526196241378784,0.17038869857788086,1
d15,0.801849901676178,0.8251456618309021,0.81349778175354,0.801849901676178,0.8251456618309021,0.02329576015472412,1
ppascal,0.13708186149597168,0.05527133494615555,0.09617659449577332,0.05527133494615555,0.13708186149597168,0.08181052654981613,1
d96,0.5140553712844849,0.5503940582275391,0.532224714756012,0.5140553712844849,0.5503940582275391,0.0363386869430542,1
f32,0.3683711290359497,0.6358544826507568,0.5021128058433533,0.3683711290359497,0.6358544826507568,0.26748335361480713,1
f52,0.17050859332084656,-0.3031628131866455,-0.06632710993289948,-0.3031628131866455,0.17050859332084656,0.47367140650749207,1
f107,0.19125516712665558,0.6788517236709595,0.43505343794822693,0.19125516712665558,0.6788517236709595,0.4875965714454651,1
mendelson,0.4789479076862335,0.6018924713134766,0.5404201745986938,0.4789479076862335,0.6018924713134766,0.12294456362724304,1
d33,0.3575659692287445,0.6887614130973816,0.5231636762619019,0.3575659692287445,0.6887614130973816,0.3311954438686371,1
d44,0.07468608021736145,-0.016977952793240547,0.028854064643383026,-0.016977952793240547,0.07468608021736145,0.09166403114795685,1
joaquinp,0.6958581209182739,0.37073102593421936,0.5332945585250854,0.37073102593421936,0.6958581209182739,0.32512709498405457,1
ZA53,0.6748420000076294,0.15624406933784485,0.4155430197715759,0.15624406933784485,0.6748420000076294,0.5185979604721069,0
adevgan,0.10298243165016174,-0.09405055642127991,0.004465937614440918,-0.09405055642127991,0.10298243165016174,0.19703298807144165,1
rajkumarrao,0.7201262712478638,0.6355218291282654,0.6778240203857422,0.6355218291282654,0.7201262712478638,0.08460444211959839,1
d55,0.5251951217651367,0.12407800555229187,0.3246365785598755,0.12407800555229187,0.5251951217651367,0.40111711621284485,1
d35,0.24363933503627777,-0.06694243103265762,0.08834844827651978,-0.06694243103265762,0.24363933503627777,0.310581773519516,1
d81,0.1449355036020279,0.04345870018005371,0.0941971018910408,0.04345870018005371,0.1449355036020279,0.10147680342197418,1
jeffb,0.40169405937194824,0.7120440006256104,0.5568690299987793,0.40169405937194824,0.7120440006256104,0.3103499412536621,1
f87,0.5649378299713135,0.7190921306610107,0.6420149803161621,0.5649378299713135,0.7190921306610107,0.15415430068969727,1
f102,0.15653780102729797,-0.1478305459022522,0.004353627562522888,-0.1478305459022522,0.15653780102729797,0.30436834692955017,1
devpatel,0.4162798523902893,0.2584361433982849,0.3373579978942871,0.2584361433982849,0.4162798523902893,0.1578437089920044,1
ZA6,0.8245726227760315,0.7604448795318604,0.7925087213516235,0.7604448795318604,0.8245726227760315,0.06412774324417114,0
akshay,0.6366388201713562,0.188212051987648,0.4124254286289215,0.188212051987648,0.6366388201713562,0.4484267830848694,1
akumar,0.7050578594207764,0.43828168511390686,0.5716697573661804,0.43828168511390686,0.7050578594207764,0.2667761743068695,1
d11,0.2403244823217392,-0.13544058799743652,0.05244194716215134,-0.13544058799743652,0.2403244823217392,0.3757650852203369,1
ZA52,0.5536563992500305,0.7414040565490723,0.647530198097229,0.5536563992500305,0.7414040565490723,0.18774765729904175,0
ZA17,0.7120589017868042,0.3113800883293152,0.5117194652557373,0.3113800883293152,0.7120589017868042,0.400678813457489,0
f55,0.1348799765110016,0.023850660771131516,0.0793653205037117,0.023850660771131516,0.1348799765110016,0.11102931201457977,1
d17,0.09244050830602646,-0.0911821573972702,0.000629175454378128,-0.0911821573972702,0.09244050830602646,0.18362265825271606,1
d36,0.4068910479545593,-0.1140327975153923,0.1464291214942932,-0.1140327975153923,0.4068910479545593,0.5209238529205322,1
nhoult,0.24044375121593475,0.3183807134628296,0.27941223978996277,0.24044375121593475,0.3183807134628296,0.07793696224689484,1
d68,0.07775522768497467,-0.1571754813194275,-0.03971012681722641,-0.1571754813194275,0.07775522768497467,0.23493070900440216,1
rashh,0.6505439281463623,-0.04177427291870117,0.30438482761383057,-0.04177427291870117,0.6505439281463623,0.6923182010650635,1
ranveer,0.5768518447875977,0.5519956350326538,0.5644237399101257,0.5519956350326538,0.5768518447875977,0.024856209754943848,1
d56,0.5069257616996765,0.3098747432231903,0.4084002375602722,0.3098747432231903,0.5069257616996765,0.1970510184764862,1
f54,0.09192045032978058,-0.10795904695987701,-0.008019298315048218,-0.10795904695987701,0.09192045032978058,0.1998794972896576,1
f88,0.2918481230735779,0.41147443652153015,0.3516612648963928,0.2918481230735779,0.41147443652153015,0.11962631344795227,1
d43,0.05046204477548599,0.005357291549444199,0.027909668162465096,0.005357291549444199,0.05046204477548599,0.045104753226041794,1
ZA29,0.6984080076217651,0.623530387878418,0.6609691977500916,0.623530387878418,0.6984080076217651,0.07487761974334717,0
addriver,0.12637577950954437,-0.026670191437005997,0.04985279589891434,-0.026670191437005997,0.12637577950954437,0.15304596722126007,1
jimsarbh,0.33998721837997437,0.5897574424743652,0.4648723304271698,0.33998721837997437,0.5897574424743652,0.24977022409439087,1
ZA4,0.7034746408462524,0.581936240196228,0.6427054405212402,0.581936240196228,0.7034746408462524,0.12153840065002441,0
ZA12,0.31016451120376587,0.23178595304489136,0.2709752321243286,0.23178595304489136,0.31016451120376587,0.07837855815887451,0
f29,0.4513980448246002,0.211492121219635,0.3314450979232788,0.211492121219635,0.4513980448246002,0.2399059236049652,1
oscarisaac,0.6181731820106506,0.08745542168617249,0.35281431674957275,0.08745542168617249,0.6181731820106506,0.5307177305221558,1
f18,0.625566303730011,0.3286622166633606,0.4771142601966858,0.3286622166633606,0.625566303730011,0.2969040870666504,1
f86,0.4175516664981842,0.2735099792480469,0.34553080797195435,0.2735099792480469,0.4175516664981842,0.14404168725013733,1
ad,0.6667229533195496,0.5415734648704529,0.6041482090950012,0.5415734648704529,0.6667229533195496,0.12514948844909668,1
jg,0.20071272552013397,0.49832963943481445,0.3495211899280548,0.20071272552013397,0.49832963943481445,0.2976168990135193,1
ZA8,0.6509653329849243,0.2956414222717285,0.4733033776283264,0.2956414222717285,0.6509653329849243,0.3553239107131958,0
ZA32,0.8055615425109863,0.537248969078064,0.6714052557945251,0.537248969078064,0.8055615425109863,0.26831257343292236,0
hr,0.14922061562538147,0.3813668191432953,0.2652937173843384,0.14922061562538147,0.3813668191432953,0.23214620351791382,1
adilhusain,0.7499830722808838,0.5826672315597534,0.6663251519203186,0.5826672315597534,0.7499830722808838,0.16731584072113037,1
f44,0.5221438407897949,0.7275584936141968,0.6248511672019958,0.5221438407897949,0.7275584936141968,0.20541465282440186,1
ewanmc,0.09788510948419571,0.44973045587539673,0.2738077938556671,0.09788510948419571,0.44973045587539673,0.3518453538417816,1
f63,0.13566827774047852,0.5718737244606018,0.35377100110054016,0.13566827774047852,0.5718737244606018,0.4362054467201233,1
f108,0.27256467938423157,0.8012784719467163,0.5369215607643127,0.27256467938423157,0.8012784719467163,0.5287138223648071,1
skhan,0.42992717027664185,0.5959665775299072,0.5129468441009521,0.42992717027664185,0.5959665775299072,0.16603940725326538,1
dev,0.47113293409347534,0.332373708486557,0.401753306388855,0.332373708486557,0.47113293409347534,0.13875922560691833,1
d82,0.46265095472335815,-0.1099943220615387,0.17632831633090973,-0.1099943220615387,0.46265095472335815,0.5726453065872192,1
f82,0.05993131920695305,0.10443252325057983,0.08218192309141159,0.05993131920695305,0.10443252325057983,0.044501204043626785,1
ZA25,0.5246686935424805,0.436753511428833,0.48071110248565674,0.436753511428833,0.5246686935424805,0.08791518211364746,0
f36,0.6004079580307007,0.6663925647735596,0.6334002614021301,0.6004079580307007,0.6663925647735596,0.06598460674285889,1
liam,0.4554040729999542,0.4908638298511505,0.47313395142555237,0.4554040729999542,0.4908638298511505,0.03545975685119629,1
vikrant,0.14667807519435883,0.2416040003299713,0.19414103031158447,0.14667807519435883,0.2416040003299713,0.09492592513561249,1
hgrant,0.688278317451477,0.5928167104721069,0.640547513961792,0.5928167104721069,0.688278317451477,0.09546160697937012,1
d98,0.09938051551580429,0.0961848571896553,0.0977826863527298,0.0961848571896553,0.09938051551580429,0.003195658326148987,1
f20,0.37984997034072876,0.35443177819252014,0.36714088916778564,0.35443177819252014,0.37984997034072876,0.025418192148208618,1
vd,0.605104386806488,0.48646625876426697,0.5457853078842163,0.48646625876426697,0.605104386806488,0.11863812804222107,1
f25,0.752356767654419,0.5120671987533569,0.6322119832038879,0.5120671987533569,0.752356767654419,0.240289568901062,1
ZA45,0.48263195157051086,0.4073963761329651,0.44501417875289917,0.4073963761329651,0.48263195157051086,0.07523557543754578,0
d72,0.6673846244812012,0.5566943883895874,0.6120395064353943,0.5566943883895874,0.6673846244812012,0.11069023609161377,1
ZA43,0.5546200275421143,0.5352318286895752,0.5449259281158447,0.5352318286895752,0.5546200275421143,0.019388198852539062,0
ZA63,0.4225236773490906,0.5894637107849121,0.5059937238693237,0.4225236773490906,0.5894637107849121,0.16694003343582153,0
ayushman,0.04860778525471687,-0.0025003068149089813,0.023053739219903946,-0.0025003068149089813,0.04860778525471687,0.051108092069625854,1
pedropascal,0.30332523584365845,0.3917408883571625,0.34753304719924927,0.30332523584365845,0.3917408883571625,0.08841565251350403,1
ZA1,0.6545387506484985,0.6106860041618347,0.6326123476028442,0.6106860041618347,0.6545387506484985,0.04385274648666382,0
d80,0.17586328089237213,0.14027613401412964,0.1580697000026703,0.14027613401412964,0.17586328089237213,0.03558714687824249,1
f111,0.6182740330696106,0.021057941019535065,0.3196659982204437,0.021057941019535065,0.6182740330696106,0.5972160696983337,1
ZA34,0.7501420378684998,0.896510660648346,0.8233263492584229,0.7501420378684998,0.896510660648346,0.1463686227798462,0
d54,0.2984675467014313,0.5913892388343811,0.4449284076690674,0.2984675467014313,0.5913892388343811,0.29292169213294983,1
ZA41,0.6732219457626343,0.46864116191864014,0.5709315538406372,0.46864116191864014,0.6732219457626343,0.20458078384399414,0
jbridges,0.3164099454879761,0.30573439598083496,0.3110721707344055,0.30573439598083496,0.3164099454879761,0.010675549507141113,1
d77,0.22745658457279205,0.4863798916339874,0.35691824555397034,0.22745658457279205,0.4863798916339874,0.2589232921600342,1
f77,0.3918111324310303,0.5077385902404785,0.4497748613357544,0.3918111324310303,0.5077385902404785,0.11592745780944824,1
paulm,0.5221177339553833,0.7745311260223389,0.6483244299888611,0.5221177339553833,0.7745311260223389,0.25241339206695557,1
paulmescal,0.34359413385391235,0.08767710626125336,0.21563562750816345,0.08767710626125336,0.34359413385391235,0.2559170126914978,1
d88,0.21999862790107727,0.10309213399887085,0.16154538094997406,0.10309213399887085,0.21999862790107727,0.11690649390220642,1
rashmika,0.5486698150634766,-0.10634052008390427,0.22116464376449585,-0.10634052008390427,0.5486698150634766,0.6550103425979614,1
d57,0.5386581420898438,0.47776681184768677,0.5082124471664429,0.47776681184768677,0.5386581420898438,0.06089133024215698,1
f117,0.512900710105896,0.3492050766944885,0.43105289340019226,0.3492050766944885,0.512900710105896,0.16369563341140747,1
vkshal,0.30619174242019653,0.1230461373925209,0.21461893618106842,0.1230461373925209,0.30619174242019653,0.18314561247825623,1
ZA99,0.15997305512428284,0.0071353912353515625,0.0835542231798172,0.0071353912353515625,0.15997305512428284,0.15283766388893127,0
dimplek,0.1909509152173996,0.2916288673877716,0.241289883852005,0.1909509152173996,0.2916288673877716,0.10067795217037201,1
f26,0.1208089292049408,0.7410204410552979,0.4309147000312805,0.1208089292049408,0.7410204410552979,0.6202114820480347,1
garyo,0.6636636853218079,0.4843696057796478,0.5740166306495667,0.4843696057796478,0.6636636853218079,0.17929407954216003,1
ZA58,0.6725733280181885,0.4569278955459595,0.564750611782074,0.4569278955459595,0.6725733280181885,0.215645432472229,0
d39,0.10670524835586548,0.20870870351791382,0.15770697593688965,0.10670524835586548,0.20870870351791382,0.10200345516204834,1
f80,0.15397867560386658,0.73475182056427,0.4443652629852295,0.15397867560386658,0.73475182056427,0.580773115158081,1
ZA49,0.6530488729476929,0.501182496547699,0.5771156549453735,0.501182496547699,0.6530488729476929,0.1518663763999939,0
jb,0.49292469024658203,-0.10492035001516342,0.194002166390419,-0.10492035001516342,0.49292469024658203,0.5978450179100037,1
f75,0.1332072913646698,0.6121447086334229,0.3726760149002075,0.1332072913646698,0.6121447086334229,0.47893741726875305,1
jelrodi,0.057678673416376114,0.42974263429641724,0.24371065199375153,0.057678673416376114,0.42974263429641724,0.3720639646053314,1
abc,0.22241425514221191,0.48343396186828613,0.352924108505249,0.22241425514221191,0.48343396186828613,0.2610197067260742,1
goldman,0.36720383167266846,-0.21837078034877777,0.07441652566194534,-0.21837078034877777,0.36720383167266846,0.5855746269226074,1
f72,0.11771757900714874,0.6006954312324524,0.35920649766921997,0.11771757900714874,0.6006954312324524,0.48297786712646484,1
d79,0.15874558687210083,0.5214726328849792,0.34010910987854004,0.15874558687210083,0.5214726328849792,0.3627270460128784,1
ZA80,0.138932004570961,-0.2303193211555481,-0.04569365829229355,-0.2303193211555481,0.138932004570961,0.3692513108253479,0
d99,-0.06887403130531311,0.07578104734420776,0.0034535080194473267,-0.06887403130531311,0.07578104734420776,0.14465507864952087,1
ZA97,0.09980674833059311,0.14333508908748627,0.12157091498374939,0.09980674833059311,0.14333508908748627,0.04352834075689316,0
f6,0.3812336027622223,0.545976996421814,0.46360528469085693,0.3812336027622223,0.545976996421814,0.16474339365959167,1
f69,0.11674972623586655,-0.0755806565284729,0.020584534853696823,-0.0755806565284729,0.11674972623586655,0.19233039021492004,1
liamm,0.3170834183692932,0.21529364585876465,0.26618853211402893,0.21529364585876465,0.3170834183692932,0.10178977251052856,1
ZA9,0.4897095561027527,0.38889753818511963,0.43930354714393616,0.38889753818511963,0.4897095561027527,0.10081201791763306,0
aamir,0.42794498801231384,0.4323457181453705,0.43014535307884216,0.42794498801231384,0.4323457181453705,0.004400730133056641,1
ZA56,0.2896462082862854,0.1341133713722229,0.21187978982925415,0.1341133713722229,0.2896462082862854,0.1555328369140625,0
d12,0.2156064510345459,0.17378975450992584,0.19469809532165527,0.17378975450992584,0.2156064510345459,0.041816696524620056,1
hughgrant,0.7922437787055969,0.2309882640838623,0.5116159915924072,0.2309882640838623,0.7922437787055969,0.5612555146217346,1
f1,0.22489193081855774,-0.06854597479104996,0.07817298173904419,-0.06854597479104996,0.22489193081855774,0.2934378981590271,1
f116,0.05199902504682541,-0.13056588172912598,-0.039283428341150284,-0.13056588172912598,0.05199902504682541,0.18256491422653198,1
f2,0.7156790494918823,0.3639848828315735,0.5398319959640503,0.3639848828315735,0.7156790494918823,0.35169416666030884,1
keogan,0.44396889209747314,0.6788947582244873,0.5614318251609802,0.44396889209747314,0.6788947582244873,0.23492586612701416,1
d92,0.30627286434173584,0.4888637661933899,0.39756831526756287,0.30627286434173584,0.4888637661933899,0.18259090185165405,1
Kamal,0.21054312586784363,0.3436034321784973,0.2770732641220093,0.21054312586784363,0.3436034321784973,0.1330603063106537,1
f9,-0.034548319876194,0.592505693435669,0.2789786756038666,-0.034548319876194,0.592505693435669,0.6270540356636047,1
ZA7,0.5397288799285889,0.5317515134811401,0.5357401967048645,0.5317515134811401,0.5397288799285889,0.00797736644744873,0
f56,0.389836847782135,0.0981660783290863,0.24400146305561066,0.0981660783290863,0.389836847782135,0.2916707694530487,1
f3,0.2337055504322052,0.5345170497894287,0.38411128520965576,0.2337055504322052,0.5345170497894287,0.3008114993572235,1
f71,0.16206569969654083,0.38402900099754333,0.2730473577976227,0.16206569969654083,0.38402900099754333,0.2219633013010025,1
ZA92,0.1791914999485016,0.3437490463256836,0.2614702582359314,0.1791914999485016,0.3437490463256836,0.164557546377182,0
f4,0.5074381828308105,0.8165514469146729,0.6619948148727417,0.5074381828308105,0.8165514469146729,0.3091132640838623,1
f96,0.5684821605682373,0.23743487894535065,0.4029585123062134,0.23743487894535065,0.5684821605682373,0.33104729652404785,1
ZA50,0.7214938402175903,0.5781983733177185,0.649846076965332,0.5781983733177185,0.7214938402175903,0.14329546689987183,0
f57,0.11710862815380096,0.5439199209213257,0.3305142819881439,0.11710862815380096,0.5439199209213257,0.4268112778663635,1
vk,0.2352048009634018,-0.1568475067615509,0.039178647100925446,-0.1568475067615509,0.2352048009634018,0.3920522928237915,1
f12,0.1711212396621704,0.21092629432678223,0.19102376699447632,0.1711212396621704,0.21092629432678223,0.039805054664611816,1
tiger,0.3902416527271271,0.5059770941734314,0.44810938835144043,0.3902416527271271,0.5059770941734314,0.11573544144630432,1
ZA82,0.355812132358551,0.14175495505332947,0.24878354370594025,0.14175495505332947,0.355812132358551,0.21405717730522156,0
d45,0.3374500274658203,0.8052729368209839,0.5713614821434021,0.3374500274658203,0.8052729368209839,0.4678229093551636,1
rash,0.6173678636550903,0.4651500880718231,0.5412589907646179,0.4651500880718231,0.6173678636550903,0.1522177755832672,1
f90,0.08930975198745728,0.11044123768806458,0.09987549483776093,0.08930975198745728,0.11044123768806458,0.0211314857006073,1
d18,0.35811513662338257,0.15345871448516846,0.2557869255542755,0.15345871448516846,0.35811513662338257,0.2046564221382141,1
f41,0.5653423070907593,0.3295607566833496,0.44745153188705444,0.3295607566833496,0.5653423070907593,0.23578155040740967,1
ZA68,0.669914960861206,0.3430419862270355,0.506478488445282,0.3430419862270355,0.669914960861206,0.32687297463417053,0
ZA15,0.8449653387069702,0.644081175327301,0.744523286819458,0.644081175327301,0.8449653387069702,0.2008841633796692,0
ZA90,0.18391546607017517,0.2953762412071228,0.239645853638649,0.18391546607017517,0.2953762412071228,0.11146077513694763,0
d95,0.4338342547416687,0.6982907056808472,0.5660624504089355,0.4338342547416687,0.6982907056808472,0.26445645093917847,1
f113,0.14426393806934357,-0.06422309577465057,0.0400204211473465,-0.06422309577465057,0.14426393806934357,0.20848703384399414,1
ZA89,0.30197298526763916,0.36877232789993286,0.335372656583786,0.30197298526763916,0.36877232789993286,0.0667993426322937,0
tshrof,0.17072489857673645,0.006567908450961113,0.08864640444517136,0.006567908450961113,0.17072489857673645,0.1641569882631302,1
sidarth,0.1599682867527008,0.009517477825284004,0.08474288135766983,0.009517477825284004,0.1599682867527008,0.15045081079006195,1
f15,0.2931255102157593,0.6671183109283447,0.480121910572052,0.2931255102157593,0.6671183109283447,0.37399280071258545,1
d31,0.32488352060317993,0.09884774684906006,0.21186563372612,0.09884774684906006,0.32488352060317993,0.22603577375411987,1
tomhardy,0.17307090759277344,0.17521795630455017,0.1741444319486618,0.17307090759277344,0.17521795630455017,0.0021470487117767334,1
d70,0.05045190081000328,0.24358657002449036,0.14701923727989197,0.05045190081000328,0.24358657002449036,0.19313466548919678,1
f100,0.19957256317138672,0.3608706295490265,0.2802215814590454,0.19957256317138672,0.3608706295490265,0.16129806637763977,1
d97,0.027808330953121185,-0.10470090806484222,-0.03844628855586052,-0.10470090806484222,0.027808330953121185,0.1325092315673828,1
f16,0.24259327352046967,0.30978262424468994,0.2761879563331604,0.24259327352046967,0.30978262424468994,0.06718935072422028,1
rao,0.11373965442180634,0.08136862516403198,0.09755413979291916,0.08136862516403198,0.11373965442180634,0.03237102925777435,1
d53,0.489120751619339,0.30715906620025635,0.3981398940086365,0.30715906620025635,0.489120751619339,0.18196168541908264,1
f60,0.6743184924125671,0.5154576301574707,0.5948880910873413,0.5154576301574707,0.6743184924125671,0.15886086225509644,1
d91,0.29945462942123413,0.2567533254623413,0.2781039774417877,0.2567533254623413,0.29945462942123413,0.04270130395889282,1
d6,0.7794554233551025,0.5905614495277405,0.6850084066390991,0.5905614495277405,0.7794554233551025,0.18889397382736206,1
ZA31,0.4902316927909851,0.15919338166713715,0.3247125446796417,0.15919338166713715,0.4902316927909851,0.33103829622268677,0
ZA84,0.2102152407169342,0.1845494508743286,0.1973823457956314,0.1845494508743286,0.2102152407169342,0.02566578984260559,0
massey,0.5141503810882568,0.264724463224411,0.3894374370574951,0.264724463224411,0.5141503810882568,0.24942591786384583,1
jamesmca,0.35679614543914795,0.3506779074668884,0.3537370264530182,0.3506779074668884,0.35679614543914795,0.0061182379722595215,1
jamesmc,0.06284303963184357,-0.19757001101970673,-0.06736348569393158,-0.19757001101970673,0.06284303963184357,0.2604130506515503,1
d78,0.051864031702280045,0.057213976979255676,0.05453900247812271,0.051864031702280045,0.057213976979255676,0.005349945276975632,1
skhann,0.4959368109703064,0.49707353115081787,0.49650517106056213,0.4959368109703064,0.49707353115081787,0.0011367201805114746,1
ZA19,0.18652033805847168,0.3939332962036133,0.2902268171310425,0.18652033805847168,0.3939332962036133,0.2074129581451416,0
denzel,0.5591896772384644,0.5363408327102661,0.5477652549743652,0.5363408327102661,0.5591896772384644,0.022848844528198242,1
tomh,0.2885492444038391,0.27829647064208984,0.2834228575229645,0.27829647064208984,0.2885492444038391,0.010252773761749268,1
ZA30,0.3116324245929718,0.3793901205062866,0.345511257648468,0.3116324245929718,0.3793901205062866,0.06775769591331482,0
ZA60,0.5923255681991577,0.29273051023483276,0.44252803921699524,0.29273051023483276,0.5923255681991577,0.29959505796432495,0
austinb,0.1721964180469513,0.6029930114746094,0.38759469985961914,0.1721964180469513,0.6029930114746094,0.4307965934276581,1
f95,0.262417197227478,0.16581231355667114,0.21411475539207458,0.16581231355667114,0.262417197227478,0.09660488367080688,1
f59,0.5386662483215332,-0.10235315561294556,0.21815654635429382,-0.10235315561294556,0.5386662483215332,0.6410194039344788,1
d23,0.4963874816894531,0.7463627457618713,0.6213750839233398,0.4963874816894531,0.7463627457618713,0.2499752640724182,1
ZA64,0.5357321500778198,0.6910820603370667,0.6134071350097656,0.5357321500778198,0.6910820603370667,0.15534991025924683,0
ZA37,0.2975059151649475,-0.13951407372951508,0.07899592071771622,-0.13951407372951508,0.2975059151649475,0.4370200037956238,0
f83,0.8313462734222412,0.6924399137496948,0.761893093585968,0.6924399137496948,0.8313462734222412,0.1389063596725464,1
ZA2,0.49381083250045776,0.5769174098968506,0.5353641510009766,0.49381083250045776,0.5769174098968506,0.08310657739639282,0
johndw,0.6998882293701172,0.023743532598018646,0.361815869808197,0.023743532598018646,0.6998882293701172,0.6761447191238403,1
sm,0.46927452087402344,0.6035650968551636,0.5364198088645935,0.46927452087402344,0.6035650968551636,0.13429057598114014,1
d10,0.2092990279197693,0.10438533127307892,0.1568421721458435,0.10438533127307892,0.2092990279197693,0.10491369664669037,1
nicolash,0.462676078081131,0.7210894227027893,0.5918827652931213,0.462676078081131,0.7210894227027893,0.2584133446216583,1
f28,0.610668420791626,0.3894827365875244,0.5000755786895752,0.3894827365875244,0.610668420791626,0.22118568420410156,1
d51,0.32486692070961,-0.1193404495716095,0.10276323556900024,-0.1193404495716095,0.32486692070961,0.4442073702812195,1
leo,0.253168523311615,0.7742329835891724,0.5137007236480713,0.253168523311615,0.7742329835891724,0.5210644602775574,1
ZA85,0.28040289878845215,0.040700193494558334,0.1605515480041504,0.040700193494558334,0.28040289878845215,0.23970270156860352,0
mibj,0.46517014503479004,0.8620213270187378,0.6635957360267639,0.46517014503479004,0.8620213270187378,0.39685118198394775,1
d47,0.8119152784347534,0.6603173613548279,0.7361162900924683,0.6603173613548279,0.8119152784347534,0.15159791707992554,1
sebstan,0.33169543743133545,0.8022929430007935,0.5669941902160645,0.33169543743133545,0.8022929430007935,0.470597505569458,1
f109,0.5188574194908142,0.6854356527328491,0.6021465063095093,0.5188574194908142,0.6854356527328491,0.1665782332420349,1
srkhan,0.4046746492385864,0.4280283451080322,0.4163514971733093,0.4046746492385864,0.4280283451080322,0.0233536958694458,1
frances,0.17967760562896729,0.025185059756040573,0.10243133455514908,0.025185059756040573,0.17967760562896729,0.1544925421476364,1
f27,0.27690422534942627,0.00793666485697031,0.1424204409122467,0.00793666485697031,0.27690422534942627,0.26896756887435913,1
d5,0.08424107730388641,0.14312326908111572,0.11368217319250107,0.08424107730388641,0.14312326908111572,0.05888219177722931,1
d16,0.5671038627624512,0.5310443639755249,0.549074113368988,0.5310443639755249,0.5671038627624512,0.03605949878692627,1
f92,0.15140363574028015,0.6540156602859497,0.4027096629142761,0.15140363574028015,0.6540156602859497,0.5026119947433472,1
ZA51,0.20403417944908142,0.4692298173904419,0.33663201332092285,0.20403417944908142,0.4692298173904419,0.2651956379413605,0
d60,0.20336386561393738,0.4381142258644104,0.3207390308380127,0.20336386561393738,0.4381142258644104,0.23475036025047302,1
d50,0.5361462831497192,0.5905193090438843,0.5633327960968018,0.5361462831497192,0.5905193090438843,0.05437302589416504,1
d52,0.7248842716217041,0.5295817852020264,0.6272330284118652,0.5295817852020264,0.7248842716217041,0.19530248641967773,1
farrell,0.4957565665245056,0.6909877061843872,0.593372106552124,0.4957565665245056,0.6909877061843872,0.1952311396598816,1
ZA83,0.17859122157096863,-0.08289160579442978,0.047849807888269424,-0.08289160579442978,0.17859122157096863,0.261482834815979,0
ZA65,0.3957001864910126,0.5463322401046753,0.4710162281990051,0.3957001864910126,0.5463322401046753,0.15063205361366272,0
f46,0.23025164008140564,0.08501192927360535,0.1576317846775055,0.08501192927360535,0.23025164008140564,0.1452397108078003,1
amyadam,0.04201911762356758,-0.1284686028957367,-0.043224744498729706,-0.1284686028957367,0.04201911762356758,0.17048771679401398,1
ZA96,0.33559340238571167,0.3496064841747284,0.34259992837905884,0.33559340238571167,0.3496064841747284,0.014013081789016724,0
nicolashoult,0.4385907053947449,0.6897217035293579,0.564156174659729,0.4385907053947449,0.6897217035293579,0.25113099813461304,1
vikramm,0.3344968557357788,-0.007656831294298172,0.16342000663280487,-0.007656831294298172,0.3344968557357788,0.3421536982059479,1
f8,0.23065510392189026,-0.09944505989551544,0.06560502201318741,-0.09944505989551544,0.23065510392189026,0.3301001787185669,1
jude,0.534311830997467,0.5723510980606079,0.5533314943313599,0.534311830997467,0.5723510980606079,0.03803926706314087,1
khassan,0.1270468384027481,-0.13757388293743134,-0.005263522267341614,-0.13757388293743134,0.1270468384027481,0.26462072134017944,1
f49,0.17226910591125488,0.6678981184959412,0.420083612203598,0.17226910591125488,0.6678981184959412,0.4956290125846863,1
purabk,0.06225668638944626,0.13402153551578522,0.09813910722732544,0.06225668638944626,0.13402153551578522,0.07176484912633896,1
f70,0.22097449004650116,0.768136739730835,0.49455562233924866,0.22097449004650116,0.768136739730835,0.5471622347831726,1
adamdriver,0.1773158311843872,0.011179296299815178,0.09424756467342377,0.011179296299815178,0.1773158311843872,0.16613653302192688,1
f85,0.2686848044395447,0.6578637361526489,0.4632742702960968,0.2686848044395447,0.6578637361526489,0.38917893171310425,1
ZA47,0.6269669532775879,0.144470676779747,0.38571882247924805,0.144470676779747,0.6269669532775879,0.4824962615966797,0
ja,0.42613649368286133,0.7687665820121765,0.5974515676498413,0.42613649368286133,0.7687665820121765,0.3426300883293152,1
danopaul,0.3318898677825928,-0.06658570468425751,0.13265207409858704,-0.06658570468425751,0.3318898677825928,0.3984755873680115,1
ZA3,0.6614002585411072,0.33907681703567505,0.5002385377883911,0.33907681703567505,0.6614002585411072,0.32232344150543213,0
pauldano,0.6822863817214966,0.5250356197357178,0.6036610007286072,0.5250356197357178,0.6822863817214966,0.1572507619857788,1
d62,0.5963054895401001,0.49930042028427124,0.5478029251098633,0.49930042028427124,0.5963054895401001,0.09700506925582886,1
d74,0.44212669134140015,0.40627384185791016,0.42420026659965515,0.40627384185791016,0.44212669134140015,0.03585284948348999,1
ZA78,0.6723931431770325,0.35114550590515137,0.5117692947387695,0.35114550590515137,0.6723931431770325,0.3212476372718811,0
ZA75,0.19580119848251343,0.20706218481063843,0.20143169164657593,0.19580119848251343,0.20706218481063843,0.011260986328125,0
d83,0.7986326217651367,0.65077805519104,0.7247053384780884,0.65077805519104,0.7986326217651367,0.14785456657409668,1
f65,0.3189563751220703,0.499141663312912,0.40904903411865234,0.3189563751220703,0.499141663312912,0.18018528819084167,1
neeson,0.1329699605703354,0.11761194467544556,0.12529096007347107,0.11761194467544556,0.1329699605703354,0.015358015894889832,1
colinfarrell,0.469193696975708,0.37169820070266724,0.4204459488391876,0.37169820070266724,0.469193696975708,0.09749549627304077,1
jgy,0.4490569233894348,0.694145679473877,0.5716012716293335,0.4490569233894348,0.694145679473877,0.24508875608444214,1
d61,0.34419935941696167,0.6727396249771118,0.5084694623947144,0.34419935941696167,0.6727396249771118,0.32854026556015015,1
d69,0.5289645195007324,0.2891289293766022,0.4090467095375061,0.2891289293766022,0.5289645195007324,0.23983559012413025,1
f93,0.32592037320137024,0.4945022463798523,0.41021132469177246,0.32592037320137024,0.4945022463798523,0.16858187317848206,1
aamirr,0.06091611459851265,0.11557602137327194,0.08824606984853745,0.06091611459851265,0.11557602137327194,0.05465990677475929,1
f13,0.2537109851837158,0.5835004448890686,0.4186057150363922,0.2537109851837158,0.5835004448890686,0.3297894597053528,1
f105,0.5970056653022766,0.47877758741378784,0.5378916263580322,0.47877758741378784,0.5970056653022766,0.11822807788848877,1
ranbir,-0.047145117074251175,0.14659331738948822,0.04972410202026367,-0.047145117074251175,0.14659331738948822,0.1937384307384491,1
d76,0.03798368200659752,-0.24832794070243835,-0.10517212748527527,-0.24832794070243835,0.03798368200659752,0.28631162643432617,1
rrao,0.5806382894515991,0.3068058490753174,0.44372206926345825,0.3068058490753174,0.5806382894515991,0.27383244037628174,1
ZA81,0.14461441338062286,0.12209586054086685,0.13335514068603516,0.12209586054086685,0.14461441338062286,0.022518552839756012,0
ZA94,0.47895732522010803,0.4907495379447937,0.48485344648361206,0.47895732522010803,0.4907495379447937,0.011792212724685669,0
d90,0.7482671141624451,0.28606173396110535,0.517164409160614,0.28606173396110535,0.7482671141624451,0.4622053802013397,1
f104,0.07314497977495193,0.09140811860561371,0.08227655291557312,0.07314497977495193,0.09140811860561371,0.018263138830661774,1
jim,0.5115683078765869,0.20914657413959503,0.3603574335575104,0.20914657413959503,0.5115683078765869,0.3024217486381531,1
ZA16,0.39176955819129944,0.5361652970314026,0.4639674425125122,0.39176955819129944,0.5361652970314026,0.14439573884010315,0
f89,0.2659422755241394,0.5793246030807495,0.42263343930244446,0.2659422755241394,0.5793246030807495,0.3133823275566101,1
joaquin,0.14848583936691284,0.16862785816192627,0.15855684876441956,0.14848583936691284,0.16862785816192627,0.020142018795013428,1
f19,0.5766164064407349,0.3240829110145569,0.4503496587276459,0.3240829110145569,0.5766164064407349,0.252533495426178,1
d40,0.08957605063915253,-0.09515739977359772,-0.002790674567222595,-0.09515739977359772,0.08957605063915253,0.18473345041275024,1
f66,0.13585427403450012,0.4019404947757721,0.2688973844051361,0.13585427403450012,0.4019404947757721,0.266086220741272,1
d63,0.2891416549682617,0.27303093671798706,0.2810862958431244,0.27303093671798706,0.2891416549682617,0.016110718250274658,1
ZA93,0.047595202922821045,-0.1649732142686844,-0.05868900567293167,-0.1649732142686844,0.047595202922821045,0.21256841719150543,0
ZA91,0.09413695335388184,-0.1144140288233757,-0.010138537734746933,-0.1144140288233757,0.09413695335388184,0.20855098962783813,0
f51,0.0731845572590828,-0.015814589336514473,0.028684984892606735,-0.015814589336514473,0.0731845572590828,0.08899914473295212,1
d25,0.32329922914505005,0.2647262215614319,0.29401272535324097,0.2647262215614319,0.32329922914505005,0.058573007583618164,1
gary,0.0974964052438736,-0.13093681633472443,-0.016720205545425415,-0.13093681633472443,0.0974964052438736,0.22843322157859802,1
f64,0.37039315700531006,-0.050928663462400436,0.15973225235939026,-0.050928663462400436,0.37039315700531006,0.4213218092918396,1
ZA20,0.5166627168655396,0.4927600622177124,0.504711389541626,0.4927600622177124,0.5166627168655396,0.02390265464782715,0
d64,0.20039956271648407,0.6838479042053223,0.44212374091148376,0.20039956271648407,0.6838479042053223,0.483448326587677,1
f45,0.31251639127731323,0.7813307046890259,0.5469235181808472,0.31251639127731323,0.7813307046890259,0.46881431341171265,1
d37,0.3784656226634979,0.3802297115325928,0.37934768199920654,0.3784656226634979,0.3802297115325928,0.0017640888690948486,1
jl,0.3729172945022583,0.37688571214675903,0.37490150332450867,0.3729172945022583,0.37688571214675903,0.003968417644500732,1
ZA67,0.6398952007293701,0.39132392406463623,0.5156095623970032,0.39132392406463623,0.6398952007293701,0.2485712766647339,0
liamnee,0.21228563785552979,0.02651163935661316,0.11939863860607147,0.02651163935661316,0.21228563785552979,0.18577399849891663,1
d66,0.05265393853187561,0.5395402908325195,0.2960970997810364,0.05265393853187561,0.5395402908325195,0.4868863523006439,1
d2,0.5575026869773865,0.025069154798984528,0.2912859320640564,0.025069154798984528,0.5575026869773865,0.5324335098266602,1
ewan,0.36088764667510986,0.6187278032302856,0.48980772495269775,0.36088764667510986,0.6187278032302856,0.2578401565551758,1
vdhawan,-0.0016219466924667358,-0.2078753560781479,-0.10474865138530731,-0.2078753560781479,-0.0016219466924667358,0.20625340938568115,1
ZA23,0.5877696871757507,0.44775742292404175,0.5177635550498962,0.44775742292404175,0.5877696871757507,0.14001226425170898,0
ZA66,0.5957435369491577,0.4132230281829834,0.5044832825660706,0.4132230281829834,0.5957435369491577,0.18252050876617432,0
colin,0.7186619639396667,0.7019610404968262,0.7103115320205688,0.7019610404968262,0.7186619639396667,0.016700923442840576,1
ZA33,0.5812495350837708,0.7616552114486694,0.6714524030685425,0.5812495350837708,0.7616552114486694,0.18040567636489868,0
f42,0.4950965642929077,0.21486476063728333,0.3549806475639343,0.21486476063728333,0.4950965642929077,0.2802318036556244,1
austinbutler,0.48077166080474854,0.00828561931848526,0.2445286363363266,0.00828561931848526,0.48077166080474854,0.47248604893684387,1
ZA86,0.19797973334789276,0.22126805782318115,0.20962390303611755,0.19797973334789276,0.22126805782318115,0.02328832447528839,0
ewanmcc,0.20514176785945892,0.3111744821071625,0.2581581175327301,0.20514176785945892,0.3111744821071625,0.10603271424770355,1
ZA100,0.598052442073822,-0.11484979093074799,0.24160131812095642,-0.11484979093074799,0.598052442073822,0.7129022479057312,0
f22,0.19448621571063995,0.09876929223537445,0.1466277539730072,0.09876929223537445,0.19448621571063995,0.0957169234752655,1
d28,0.4921136498451233,0.2968408763408661,0.3944772481918335,0.2968408763408661,0.4921136498451233,0.1952727735042572,1
bkeogan,0.6646519303321838,0.6250354051589966,0.6448436975479126,0.6250354051589966,0.6646519303321838,0.039616525173187256,1
f24,0.37775278091430664,-0.10614419728517532,0.13580429553985596,-0.10614419728517532,0.37775278091430664,0.48389697074890137,1
f114,0.2107439935207367,0.09748043119907379,0.15411221981048584,0.09748043119907379,0.2107439935207367,0.1132635623216629,1
d1,0.20410430431365967,0.45709019899368286,0.33059725165367126,0.20410430431365967,0.45709019899368286,0.2529858946800232,1
ben,0.5099765658378601,0.6786432862281799,0.59430992603302,0.5099765658378601,0.6786432862281799,0.16866672039031982,1
judelaw,0.05777793750166893,0.6011730432510376,0.3294754922389984,0.05777793750166893,0.6011730432510376,0.5433951020240784,1
d26,0.3974483609199524,0.11812463402748108,0.25778651237487793,0.11812463402748108,0.3974483609199524,0.2793237268924713,1
d48,0.38616058230400085,0.28143101930618286,0.33379578590393066,0.28143101930618286,0.38616058230400085,0.104729562997818,1
f99,0.20928272604942322,-0.07409711182117462,0.0675928071141243,-0.07409711182117462,0.20928272604942322,0.28337985277175903,1
sebb,0.1747363656759262,0.4461047649383545,0.31042057275772095,0.1747363656759262,0.4461047649383545,0.2713683843612671,1
f76,0.4745906591415405,0.1596403419971466,0.3171154856681824,0.1596403419971466,0.4745906591415405,0.3149503171443939,1
ZA13,0.7157442569732666,0.6257156729698181,0.6707299947738647,0.6257156729698181,0.7157442569732666,0.09002858400344849,0
rk,0.43635037541389465,0.09100999683141708,0.26368018984794617,0.09100999683141708,0.43635037541389465,0.345340371131897,1
d34,0.3386925458908081,-0.07320722937583923,0.13274265825748444,-0.07320722937583923,0.3386925458908081,0.41189977526664734,1
ik,0.7397608757019043,0.5278098583221436,0.6337853670120239,0.5278098583221436,0.7397608757019043,0.21195101737976074,1
ZA18,0.49058640003204346,0.32343506813049316,0.4070107340812683,0.32343506813049316,0.49058640003204346,0.1671513319015503,0
srk,0.10873442143201828,-0.06624629348516464,0.02124406397342682,-0.06624629348516464,0.10873442143201828,0.17498071491718292,1
ZA42,0.5786644220352173,0.4225362539291382,0.5006003379821777,0.4225362539291382,0.5786644220352173,0.1561281681060791,0
f37,0.3762509822845459,0.8324199914932251,0.6043354868888855,0.3762509822845459,0.8324199914932251,0.4561690092086792,1
ZA40,0.4717503488063812,0.18139925599098206,0.32657480239868164,0.18139925599098206,0.4717503488063812,0.29035109281539917,0
f40,0.49041441082954407,0.7229868173599243,0.606700599193573,0.49041441082954407,0.7229868173599243,0.23257240653038025,1
f33,0.7326290011405945,0.39027929306030273,0.561454176902771,0.39027929306030273,0.7326290011405945,0.34234970808029175,1
d100,0.5655679702758789,0.584170401096344,0.5748691558837891,0.5655679702758789,0.584170401096344,0.018602430820465088,1
f106,0.6303231120109558,0.7647145986557007,0.6975188255310059,0.6303231120109558,0.7647145986557007,0.13439148664474487,1
chrishemsworth,0.3545326888561249,0.7922857999801636,0.5734092593193054,0.3545326888561249,0.7922857999801636,0.4377531111240387,1
ZA88,0.49532800912857056,0.31242191791534424,0.4038749635219574,0.31242191791534424,0.49532800912857056,0.18290609121322632,0
